customer_id,timestamp,amount,merchant,status
CUST_0001,2024-04-09 16:00:00,38.82,Restaurant,Approved
CUST_0001,2024-09-14 08:00:00,101.36,Restaurant,Declined
CUST_0001,2024-01-22 06:00:00,66.9,Amazon,Approved
CUST_0001,2024-02-28 17:00:00,111.13,Gas,Declined
CUST_0001,2024-06-23 21:00:00,68.71,Walmart,Approved
CUST_0001,2024-11-15 17:00:00,54.97,Amazon,Approved
CUST_0001,2024-03-29 14:00:00,92.76,Restaurant,Approved
CUST_0001,2024-09-21 19:00:00,64.89,Walmart,Approved
CUST_0001,2024-09-20 20:00:00,100.14,Gas,Approved
CUST_0001,2024-02-19 08:00:00,59.64,Restaurant,Approved
CUST_0001,2024-07-09 15:00:00,67.89,Walmart,Approved
CUST_0001,2024-09-26 17:00:00,154.04,Gas,Approved
CUST_0001,2024-08-04 20:00:00,43.31,Restaurant,Approved
CUST_0001,2024-01-15 18:00:00,18.21,Amazon,Approved
CUST_0001,2024-06-11 16:00:00,57.83,Gas,Approved
CUST_0001,2024-08-18 06:00:00,114.15,Walmart,Approved
CUST_0001,2024-03-02 21:00:00,21.5,Restaurant,Approved
CUST_0001,2024-12-25 10:00:00,135.48,Walmart,Approved
CUST_0001,2024-05-10 10:00:00,84.27,Amazon,Approved
CUST_0001,2024-09-11 10:00:00,131.28,Walmart,Approved
CUST_0001,2024-06-27 20:00:00,234.82,Gas,Approved
CUST_0001,2024-04-05 12:00:00,47.19,Restaurant,Approved
CUST_0001,2024-01-29 18:00:00,77.82,Restaurant,Approved
CUST_0001,2024-07-05 18:00:00,103.03,Gas,Approved
CUST_0001,2024-04-17 11:00:00,109.33,Restaurant,Approved
CUST_0002,2024-12-13 16:00:00,149.97,Amazon,Approved
CUST_0002,2024-12-24 18:00:00,61.63,Walmart,Approved
CUST_0002,2024-11-13 13:00:00,79.41,Amazon,Approved
CUST_0002,2024-06-08 20:00:00,42.91,Restaurant,Approved
CUST_0002,2024-11-13 14:00:00,138.42,Amazon,Approved
CUST_0002,2024-04-22 12:00:00,54.8,Amazon,Approved
CUST_0002,2024-07-05 22:00:00,55.92,Amazon,Approved
CUST_0002,2024-05-05 10:00:00,91.91,Walmart,Approved
CUST_0002,2024-07-16 17:00:00,111.35,Restaurant,Approved
CUST_0002,2024-10-06 22:00:00,58.76,Amazon,Approved
CUST_0002,2024-08-27 07:00:00,102.98,Restaurant,Approved
CUST_0002,2024-09-15 11:00:00,71.54,Restaurant,Approved
CUST_0002,2024-05-26 09:00:00,138.81,Restaurant,Declined
CUST_0002,2024-02-08 06:00:00,44.53,Walmart,Approved
CUST_0002,2024-05-30 13:00:00,117.46,Gas,Approved
CUST_0002,2024-02-29 21:00:00,78.03,Amazon,Approved
CUST_0002,2024-09-10 07:00:00,121.38,Restaurant,Approved
CUST_0002,2024-05-26 14:00:00,142.48,Restaurant,Approved
CUST_0002,2024-05-31 21:00:00,102.21,Walmart,Approved
CUST_0002,2024-04-13 16:00:00,124.3,Restaurant,Approved
CUST_0002,2024-04-08 08:00:00,152.77,Amazon,Approved
CUST_0002,2024-06-09 21:00:00,183.57,Restaurant,Approved
CUST_0002,2024-10-30 06:00:00,117.47,Restaurant,Approved
CUST_0002,2024-02-02 08:00:00,158.75,Restaurant,Approved
CUST_0002,2024-01-22 17:00:00,60.09,Walmart,Approved
CUST_0003,2024-11-12 07:00:00,233.24,Restaurant,Approved
CUST_0003,2024-06-20 08:00:00,140.25,Restaurant,Declined
CUST_0003,2024-10-28 14:00:00,24.96,Amazon,Approved
CUST_0003,2024-06-09 04:00:00,150.57,Restaurant,Approved
CUST_0003,2024-10-14 08:00:00,21.91,Gas,Declined
CUST_0003,2024-09-29 01:00:00,216.91,Restaurant,Approved
CUST_0003,2024-01-13 15:00:00,202.14,Restaurant,Approved
CUST_0003,2024-05-21 09:00:00,244.1,Restaurant,Approved
CUST_0003,2024-04-10 05:00:00,41.81,Amazon,Approved
CUST_0003,2024-09-18 17:00:00,439.59,Amazon,Approved
CUST_0003,2024-05-03 13:00:00,158.88,Walmart,Approved
CUST_0003,2024-02-27 22:00:00,44.02,Gas,Approved
CUST_0003,2024-05-01 14:00:00,49.68,Amazon,Declined
CUST_0003,2024-09-28 04:00:00,104.36,Amazon,Approved
CUST_0003,2024-07-03 02:00:00,212.61,Amazon,Approved
CUST_0003,2024-07-22 05:00:00,155.29,Restaurant,Approved
CUST_0003,2024-09-06 06:00:00,151.22,Walmart,Approved
CUST_0003,2024-04-05 01:00:00,129.55,Amazon,Approved
CUST_0003,2024-06-08 21:00:00,353.33,Gas,Declined
CUST_0003,2024-06-27 17:00:00,259.11,Gas,Approved
CUST_0003,2024-04-04 04:00:00,226.41,Walmart,Declined
CUST_0003,2024-04-02 08:00:00,86.11,Walmart,Approved
CUST_0003,2024-03-15 04:00:00,49.19,Amazon,Approved
CUST_0003,2024-08-14 00:00:00,115.7,Amazon,Approved
CUST_0003,2024-12-20 04:00:00,76.44,Amazon,Approved
CUST_0004,2024-08-04 22:00:00,104.83,Walmart,Approved
CUST_0004,2024-08-20 09:00:00,62.05,Gas,Declined
CUST_0004,2024-10-10 17:00:00,74.87,Walmart,Approved
CUST_0004,2024-03-09 20:00:00,79.18,Gas,Approved
CUST_0004,2024-02-22 17:00:00,177.07,Gas,Approved
CUST_0004,2024-08-10 15:00:00,72.92,Walmart,Approved
CUST_0004,2024-08-08 10:00:00,98.96,Gas,Approved
CUST_0004,2024-01-07 22:00:00,127.1,Walmart,Approved
CUST_0004,2024-10-09 18:00:00,109.82,Walmart,Approved
CUST_0004,2024-12-30 11:00:00,89.94,Amazon,Approved
CUST_0004,2024-08-04 22:00:00,36.25,Amazon,Approved
CUST_0004,2024-03-31 17:00:00,58.77,Walmart,Approved
CUST_0004,2024-06-21 12:00:00,147.83,Amazon,Approved
CUST_0004,2024-12-26 13:00:00,151.51,Gas,Approved
CUST_0004,2024-12-13 06:00:00,3.74,Walmart,Approved
CUST_0004,2024-05-13 06:00:00,63.83,Walmart,Approved
CUST_0004,2024-06-21 17:00:00,20.2,Amazon,Approved
CUST_0004,2024-06-12 16:00:00,76.23,Gas,Approved
CUST_0004,2024-01-14 20:00:00,83.42,Gas,Approved
CUST_0004,2024-01-12 08:00:00,182.72,Walmart,Approved
CUST_0004,2024-06-04 21:00:00,54.23,Amazon,Approved
CUST_0004,2024-06-26 13:00:00,51.05,Restaurant,Approved
CUST_0004,2024-07-10 10:00:00,61.62,Gas,Approved
CUST_0004,2024-08-07 06:00:00,103.03,Restaurant,Approved
CUST_0004,2024-09-09 18:00:00,170.53,Walmart,Approved
CUST_0005,2024-10-12 07:00:00,261.81,Walmart,Approved
CUST_0005,2024-10-15 18:00:00,331.96,Walmart,Approved
CUST_0005,2024-04-07 22:00:00,219.18,Amazon,Approved
CUST_0005,2024-11-06 08:00:00,86.19,Walmart,Approved
CUST_0005,2024-01-23 10:00:00,223.66,Amazon,Approved
CUST_0005,2024-03-23 10:00:00,373.48,Amazon,Approved
CUST_0005,2024-07-23 06:00:00,120.34,Restaurant,Approved
CUST_0005,2024-10-14 06:00:00,128.97,Walmart,Approved
CUST_0005,2024-09-15 07:00:00,111.92,Gas,Approved
CUST_0005,2024-08-23 17:00:00,161.95,Amazon,Approved
CUST_0005,2024-03-06 20:00:00,137.18,Gas,Approved
CUST_0005,2024-09-08 12:00:00,433.42,Walmart,Approved
CUST_0005,2024-11-03 20:00:00,292.02,Amazon,Approved
CUST_0005,2024-11-30 11:00:00,23.04,Restaurant,Approved
CUST_0005,2024-05-17 22:00:00,211.98,Restaurant,Approved
CUST_0005,2024-12-05 22:00:00,11.09,Restaurant,Approved
CUST_0005,2024-08-22 07:00:00,203.19,Gas,Approved
CUST_0005,2024-04-20 21:00:00,145.0,Amazon,Approved
CUST_0005,2024-01-08 16:00:00,414.58,Restaurant,Approved
CUST_0005,2024-10-07 13:00:00,85.76,Gas,Approved
CUST_0005,2024-06-18 10:00:00,195.14,Amazon,Approved
CUST_0005,2024-08-20 11:00:00,293.48,Restaurant,Approved
CUST_0005,2024-03-13 19:00:00,138.1,Walmart,Approved
CUST_0005,2024-08-26 20:00:00,76.59,Restaurant,Approved
CUST_0005,2024-12-20 06:00:00,180.24,Amazon,Approved
CUST_0006,2024-08-03 19:00:00,229.27,Walmart,Approved
CUST_0006,2024-09-30 19:00:00,518.96,Walmart,Declined
CUST_0006,2024-02-08 04:00:00,103.08,Amazon,Approved
CUST_0006,2024-05-25 09:00:00,44.03,Gas,Approved
CUST_0006,2024-08-23 07:00:00,299.95,Gas,Approved
CUST_0006,2024-08-16 02:00:00,87.11,Amazon,Approved
CUST_0006,2024-12-15 11:00:00,73.04,Gas,Approved
CUST_0006,2024-03-02 20:00:00,402.81,Amazon,Approved
CUST_0006,2024-10-26 16:00:00,453.1,Amazon,Approved
CUST_0006,2024-01-01 06:00:00,161.35,Walmart,Approved
CUST_0006,2024-12-21 11:00:00,162.79,Amazon,Approved
CUST_0006,2024-01-13 15:00:00,133.8,Restaurant,Approved
CUST_0006,2024-02-07 00:00:00,346.75,Gas,Approved
CUST_0006,2024-05-16 17:00:00,313.43,Walmart,Approved
CUST_0006,2024-02-29 08:00:00,164.62,Restaurant,Approved
CUST_0006,2024-03-18 04:00:00,414.14,Walmart,Approved
CUST_0006,2024-11-23 18:00:00,459.19,Gas,Approved
CUST_0006,2024-06-01 06:00:00,362.05,Amazon,Approved
CUST_0006,2024-02-08 07:00:00,419.28,Gas,Approved
CUST_0006,2024-08-18 04:00:00,20.91,Gas,Approved
CUST_0006,2024-10-15 11:00:00,205.3,Walmart,Approved
CUST_0006,2024-06-07 15:00:00,325.86,Gas,Approved
CUST_0006,2024-02-16 20:00:00,190.66,Restaurant,Declined
CUST_0006,2024-03-09 09:00:00,427.87,Restaurant,Approved
CUST_0006,2024-01-23 15:00:00,226.84,Gas,Approved
CUST_0007,2024-04-20 13:00:00,99.19,Restaurant,Approved
CUST_0007,2024-12-21 16:00:00,79.46,Restaurant,Approved
CUST_0007,2024-04-01 13:00:00,89.1,Gas,Approved
CUST_0007,2024-01-29 14:00:00,79.87,Walmart,Approved
CUST_0007,2024-11-08 19:00:00,36.29,Amazon,Approved
CUST_0007,2024-11-04 13:00:00,67.31,Amazon,Approved
CUST_0007,2024-08-31 14:00:00,93.96,Amazon,Approved
CUST_0007,2024-07-28 16:00:00,49.19,Gas,Approved
CUST_0007,2024-09-07 16:00:00,59.77,Gas,Approved
CUST_0007,2024-12-09 12:00:00,131.77,Amazon,Approved
CUST_0007,2024-03-24 22:00:00,110.63,Amazon,Approved
CUST_0007,2024-12-07 22:00:00,5.57,Restaurant,Approved
CUST_0007,2024-05-20 12:00:00,23.72,Walmart,Approved
CUST_0007,2024-10-12 22:00:00,77.17,Restaurant,Approved
CUST_0007,2024-07-12 19:00:00,46.23,Walmart,Approved
CUST_0007,2024-06-14 22:00:00,75.65,Gas,Approved
CUST_0007,2024-09-22 12:00:00,59.52,Walmart,Approved
CUST_0007,2024-03-27 19:00:00,58.49,Gas,Approved
CUST_0007,2024-09-03 13:00:00,89.26,Gas,Declined
CUST_0007,2024-08-26 13:00:00,44.08,Amazon,Approved
CUST_0007,2024-10-17 20:00:00,89.8,Restaurant,Approved
CUST_0007,2024-10-28 19:00:00,34.0,Gas,Approved
CUST_0007,2024-11-25 21:00:00,61.92,Gas,Approved
CUST_0007,2024-05-26 06:00:00,33.85,Restaurant,Approved
CUST_0007,2024-07-15 07:00:00,83.54,Restaurant,Approved
CUST_0008,2024-04-28 07:00:00,30.13,Restaurant,Approved
CUST_0008,2024-12-20 14:00:00,61.33,Restaurant,Approved
CUST_0008,2024-07-20 17:00:00,121.31,Walmart,Approved
CUST_0008,2024-07-27 22:00:00,119.55,Walmart,Approved
CUST_0008,2024-08-24 14:00:00,79.21,Amazon,Approved
CUST_0008,2024-06-02 16:00:00,55.4,Walmart,Approved
CUST_0008,2024-10-19 18:00:00,63.63,Gas,Approved
CUST_0008,2024-02-03 15:00:00,85.31,Amazon,Approved
CUST_0008,2024-03-16 10:00:00,133.24,Gas,Approved
CUST_0008,2024-08-24 13:00:00,44.3,Amazon,Approved
CUST_0008,2024-07-08 12:00:00,43.86,Walmart,Approved
CUST_0008,2024-06-29 16:00:00,5.84,Restaurant,Approved
CUST_0008,2024-06-12 16:00:00,40.65,Amazon,Approved
CUST_0008,2024-05-31 07:00:00,110.55,Walmart,Approved
CUST_0008,2024-09-06 10:00:00,140.84,Restaurant,Approved
CUST_0008,2024-12-30 16:00:00,30.9,Gas,Approved
CUST_0008,2024-03-13 07:00:00,86.3,Amazon,Approved
CUST_0008,2024-01-25 16:00:00,38.38,Gas,Approved
CUST_0008,2024-08-16 08:00:00,8.83,Restaurant,Approved
CUST_0008,2024-04-10 07:00:00,36.7,Restaurant,Approved
CUST_0008,2024-11-25 22:00:00,117.85,Amazon,Approved
CUST_0008,2024-09-20 21:00:00,27.38,Gas,Approved
CUST_0008,2024-07-16 22:00:00,71.35,Restaurant,Approved
CUST_0008,2024-12-30 20:00:00,77.63,Walmart,Approved
CUST_0008,2024-01-16 20:00:00,13.64,Gas,Approved
CUST_0009,2024-06-24 20:00:00,72.56,Restaurant,Approved
CUST_0009,2024-04-12 12:00:00,900.68,Amazon,Approved
CUST_0009,2024-07-01 04:00:00,97.29,Gas,Approved
CUST_0009,2024-07-28 20:00:00,204.05,Amazon,Approved
CUST_0009,2024-09-03 08:00:00,192.46,Amazon,Declined
CUST_0009,2024-11-13 05:00:00,373.53,Amazon,Approved
CUST_0009,2024-06-25 03:00:00,417.01,Gas,Approved
CUST_0009,2024-07-11 09:00:00,161.99,Amazon,Approved
CUST_0009,2024-07-16 01:00:00,211.44,Gas,Approved
CUST_0009,2024-08-13 19:00:00,406.1,Amazon,Approved
CUST_0009,2024-08-05 02:00:00,209.65,Amazon,Approved
CUST_0009,2024-02-23 08:00:00,160.07,Gas,Approved
CUST_0009,2024-12-03 01:00:00,292.49,Walmart,Approved
CUST_0009,2024-04-29 08:00:00,99.7,Amazon,Approved
CUST_0009,2024-05-02 07:00:00,596.67,Restaurant,Approved
CUST_0009,2024-01-09 08:00:00,356.74,Gas,Approved
CUST_0009,2024-03-30 02:00:00,167.52,Walmart,Approved
CUST_0009,2024-03-21 21:00:00,249.12,Walmart,Declined
CUST_0009,2024-12-12 08:00:00,205.51,Amazon,Approved
CUST_0009,2024-04-01 11:00:00,101.68,Amazon,Approved
CUST_0009,2024-07-09 18:00:00,173.45,Gas,Approved
CUST_0009,2024-09-05 12:00:00,281.89,Gas,Approved
CUST_0009,2024-01-12 09:00:00,271.49,Gas,Approved
CUST_0009,2024-01-17 18:00:00,208.27,Restaurant,Approved
CUST_0009,2024-03-14 02:00:00,360.47,Amazon,Approved
CUST_0010,2024-10-04 20:00:00,62.81,Restaurant,Approved
CUST_0010,2024-01-17 09:00:00,243.48,Restaurant,Approved
CUST_0010,2024-07-11 22:00:00,132.95,Walmart,Approved
CUST_0010,2024-10-11 19:00:00,146.92,Restaurant,Approved
CUST_0010,2024-01-07 09:00:00,205.69,Amazon,Approved
CUST_0010,2024-10-11 07:00:00,344.68,Restaurant,Approved
CUST_0010,2024-02-08 22:00:00,186.98,Gas,Approved
CUST_0010,2024-03-24 07:00:00,256.04,Walmart,Approved
CUST_0010,2024-12-02 16:00:00,288.78,Walmart,Approved
CUST_0010,2024-03-24 20:00:00,171.84,Walmart,Approved
CUST_0010,2024-09-13 10:00:00,82.46,Walmart,Approved
CUST_0010,2024-10-07 08:00:00,170.02,Restaurant,Approved
CUST_0010,2024-07-26 17:00:00,227.37,Gas,Approved
CUST_0010,2024-02-19 20:00:00,226.47,Restaurant,Approved
CUST_0010,2024-06-29 12:00:00,237.49,Restaurant,Approved
CUST_0010,2024-08-09 19:00:00,212.34,Walmart,Approved
CUST_0010,2024-08-23 12:00:00,261.88,Restaurant,Approved
CUST_0010,2024-03-04 07:00:00,62.04,Amazon,Approved
CUST_0010,2024-09-30 22:00:00,162.78,Walmart,Declined
CUST_0010,2024-10-27 11:00:00,149.61,Amazon,Approved
CUST_0010,2024-09-23 06:00:00,40.98,Walmart,Approved
CUST_0010,2024-06-08 17:00:00,133.35,Gas,Approved
CUST_0010,2024-04-01 21:00:00,235.56,Restaurant,Approved
CUST_0010,2024-10-15 06:00:00,307.74,Amazon,Approved
CUST_0010,2024-03-17 18:00:00,129.47,Restaurant,Approved
CUST_0011,2024-10-31 20:00:00,111.08,Restaurant,Approved
CUST_0011,2024-05-02 16:00:00,43.1,Walmart,Approved
CUST_0011,2024-09-20 14:00:00,156.22,Restaurant,Approved
CUST_0011,2024-01-07 20:00:00,142.78,Gas,Approved
CUST_0011,2024-07-06 08:00:00,89.24,Walmart,Approved
CUST_0011,2024-01-12 19:00:00,124.5,Gas,Approved
CUST_0011,2024-08-08 19:00:00,71.82,Gas,Approved
CUST_0011,2024-07-29 17:00:00,175.72,Walmart,Approved
CUST_0011,2024-08-30 08:00:00,105.76,Gas,Approved
CUST_0011,2024-11-27 20:00:00,0.11,Amazon,Approved
CUST_0011,2024-12-29 10:00:00,101.25,Walmart,Approved
CUST_0011,2024-04-14 22:00:00,111.72,Restaurant,Approved
CUST_0011,2024-09-18 09:00:00,80.91,Gas,Approved
CUST_0011,2024-07-04 15:00:00,68.66,Walmart,Approved
CUST_0011,2024-08-12 13:00:00,30.5,Gas,Approved
CUST_0011,2024-03-27 13:00:00,19.04,Walmart,Approved
CUST_0011,2024-11-11 18:00:00,98.07,Amazon,Approved
CUST_0011,2024-08-18 20:00:00,72.1,Amazon,Approved
CUST_0011,2024-01-28 22:00:00,55.46,Walmart,Approved
CUST_0011,2024-06-12 08:00:00,96.03,Amazon,Approved
CUST_0011,2024-09-26 15:00:00,52.04,Restaurant,Approved
CUST_0011,2024-11-27 15:00:00,52.32,Walmart,Approved
CUST_0011,2024-01-01 13:00:00,77.51,Amazon,Approved
CUST_0011,2024-07-22 16:00:00,36.08,Amazon,Approved
CUST_0011,2024-04-17 20:00:00,114.25,Gas,Approved
CUST_0012,2024-10-11 04:00:00,53.94,Amazon,Approved
CUST_0012,2024-10-02 02:00:00,71.31,Amazon,Declined
CUST_0012,2024-07-03 00:00:00,23.63,Gas,Approved
CUST_0012,2024-05-05 17:00:00,74.22,Amazon,Declined
CUST_0012,2024-12-06 15:00:00,12.87,Amazon,Approved
CUST_0012,2024-04-28 01:00:00,21.87,Walmart,Approved
CUST_0012,2024-03-16 22:00:00,52.92,Gas,Approved
CUST_0012,2024-12-26 21:00:00,66.82,Walmart,Approved
CUST_0012,2024-03-13 07:00:00,50.29,Amazon,Declined
CUST_0012,2024-04-11 02:00:00,100.95,Walmart,Approved
CUST_0012,2024-10-05 11:00:00,66.25,Gas,Approved
CUST_0012,2024-07-17 00:00:00,31.89,Gas,Approved
CUST_0012,2024-04-11 00:00:00,91.32,Walmart,Approved
CUST_0012,2024-10-08 07:00:00,23.85,Restaurant,Approved
CUST_0012,2024-06-01 11:00:00,59.34,Restaurant,Approved
CUST_0012,2024-11-21 09:00:00,36.45,Walmart,Approved
CUST_0012,2024-10-29 02:00:00,25.92,Amazon,Declined
CUST_0012,2024-10-16 04:00:00,66.31,Walmart,Approved
CUST_0012,2024-06-05 21:00:00,59.0,Gas,Approved
CUST_0012,2024-12-15 03:00:00,56.74,Gas,Approved
CUST_0012,2024-11-07 04:00:00,40.95,Amazon,Approved
CUST_0012,2024-06-21 05:00:00,15.89,Walmart,Approved
CUST_0012,2024-08-01 18:00:00,32.75,Restaurant,Approved
CUST_0012,2024-06-02 15:00:00,36.91,Gas,Approved
CUST_0012,2024-05-25 09:00:00,44.84,Gas,Approved
CUST_0013,2024-04-17 20:00:00,279.32,Walmart,Approved
CUST_0013,2024-05-29 06:00:00,50.42,Restaurant,Approved
CUST_0013,2024-05-17 12:00:00,61.95,Amazon,Approved
CUST_0013,2024-09-10 19:00:00,83.34,Amazon,Approved
CUST_0013,2024-10-06 12:00:00,79.13,Restaurant,Approved
CUST_0013,2024-08-05 19:00:00,240.72,Walmart,Approved
CUST_0013,2024-08-16 19:00:00,24.93,Amazon,Approved
CUST_0013,2024-05-15 09:00:00,169.56,Amazon,Approved
CUST_0013,2024-11-11 09:00:00,89.35,Walmart,Approved
CUST_0013,2024-06-08 10:00:00,51.33,Amazon,Approved
CUST_0013,2024-02-27 08:00:00,174.05,Gas,Approved
CUST_0013,2024-06-20 11:00:00,29.33,Walmart,Approved
CUST_0013,2024-11-28 17:00:00,3.23,Amazon,Approved
CUST_0013,2024-07-26 20:00:00,90.69,Walmart,Approved
CUST_0013,2024-05-15 21:00:00,124.94,Restaurant,Declined
CUST_0013,2024-08-24 08:00:00,72.5,Gas,Approved
CUST_0013,2024-09-04 10:00:00,60.04,Restaurant,Approved
CUST_0013,2024-05-28 06:00:00,111.37,Restaurant,Approved
CUST_0013,2024-09-28 12:00:00,82.74,Restaurant,Approved
CUST_0013,2024-05-21 11:00:00,147.2,Restaurant,Approved
CUST_0013,2024-09-14 07:00:00,61.48,Gas,Approved
CUST_0013,2024-11-18 14:00:00,73.44,Restaurant,Approved
CUST_0013,2024-05-22 11:00:00,145.08,Walmart,Approved
CUST_0013,2024-01-12 10:00:00,125.93,Gas,Approved
CUST_0013,2024-08-03 18:00:00,190.93,Walmart,Approved
CUST_0014,2024-01-07 11:00:00,25.91,Restaurant,Approved
CUST_0014,2024-05-09 08:00:00,128.11,Gas,Approved
CUST_0014,2024-09-12 19:00:00,262.71,Walmart,Approved
CUST_0014,2024-09-26 06:00:00,156.41,Amazon,Approved
CUST_0014,2024-08-25 19:00:00,193.66,Amazon,Approved
CUST_0014,2024-04-26 11:00:00,201.53,Walmart,Approved
CUST_0014,2024-01-25 13:00:00,166.06,Gas,Approved
CUST_0014,2024-01-20 18:00:00,181.24,Walmart,Approved
CUST_0014,2024-02-12 11:00:00,222.93,Walmart,Declined
CUST_0014,2024-09-22 10:00:00,30.28,Amazon,Approved
CUST_0014,2024-06-26 07:00:00,286.97,Amazon,Approved
CUST_0014,2024-11-24 14:00:00,44.43,Restaurant,Approved
CUST_0014,2024-03-20 19:00:00,253.99,Restaurant,Approved
CUST_0014,2024-04-10 12:00:00,177.63,Gas,Approved
CUST_0014,2024-08-18 09:00:00,112.03,Walmart,Approved
CUST_0014,2024-01-14 12:00:00,55.79,Gas,Approved
CUST_0014,2024-05-12 10:00:00,156.44,Walmart,Approved
CUST_0014,2024-05-17 11:00:00,126.27,Gas,Approved
CUST_0014,2024-01-13 12:00:00,141.93,Amazon,Approved
CUST_0014,2024-06-12 10:00:00,212.93,Amazon,Approved
CUST_0014,2024-07-09 08:00:00,271.09,Amazon,Approved
CUST_0014,2024-08-19 21:00:00,71.11,Gas,Approved
CUST_0014,2024-02-11 14:00:00,172.72,Amazon,Approved
CUST_0014,2024-02-29 14:00:00,201.93,Restaurant,Approved
CUST_0014,2024-11-09 06:00:00,111.86,Restaurant,Approved
CUST_0015,2024-12-09 00:00:00,564.3,Amazon,Declined
CUST_0015,2024-11-28 17:00:00,92.18,Restaurant,Approved
CUST_0015,2024-08-19 04:00:00,124.01,Walmart,Approved
CUST_0015,2024-01-28 09:00:00,168.03,Gas,Approved
CUST_0015,2024-05-15 03:00:00,260.66,Restaurant,Approved
CUST_0015,2024-02-18 14:00:00,208.64,Restaurant,Approved
CUST_0015,2024-09-14 15:00:00,444.73,Walmart,Approved
CUST_0015,2024-01-11 21:00:00,286.39,Walmart,Approved
CUST_0015,2024-04-23 13:00:00,195.07,Walmart,Approved
CUST_0015,2024-05-01 05:00:00,148.57,Restaurant,Declined
CUST_0015,2024-05-05 04:00:00,222.21,Restaurant,Approved
CUST_0015,2024-07-21 19:00:00,242.5,Restaurant,Approved
CUST_0015,2024-10-09 04:00:00,404.2,Walmart,Approved
CUST_0015,2024-07-07 17:00:00,151.82,Amazon,Approved
CUST_0015,2024-08-16 12:00:00,12.39,Gas,Approved
CUST_0015,2024-01-03 21:00:00,140.45,Amazon,Approved
CUST_0015,2024-10-28 01:00:00,189.85,Gas,Approved
CUST_0015,2024-03-26 07:00:00,178.84,Walmart,Approved
CUST_0015,2024-03-10 16:00:00,214.57,Restaurant,Approved
CUST_0015,2024-01-24 09:00:00,302.51,Walmart,Approved
CUST_0015,2024-09-16 01:00:00,30.72,Restaurant,Approved
CUST_0015,2024-01-14 22:00:00,533.02,Gas,Approved
CUST_0015,2024-06-07 01:00:00,260.18,Restaurant,Approved
CUST_0015,2024-05-31 22:00:00,207.82,Amazon,Declined
CUST_0015,2024-05-25 00:00:00,298.03,Gas,Approved
CUST_0016,2024-04-27 20:00:00,44.97,Amazon,Approved
CUST_0016,2024-07-16 21:00:00,73.31,Gas,Approved
CUST_0016,2024-12-24 19:00:00,27.42,Amazon,Approved
CUST_0016,2024-04-22 08:00:00,70.34,Walmart,Declined
CUST_0016,2024-12-30 18:00:00,61.16,Gas,Approved
CUST_0016,2024-03-14 10:00:00,90.55,Restaurant,Approved
CUST_0016,2024-03-30 10:00:00,53.89,Restaurant,Approved
CUST_0016,2024-06-30 09:00:00,62.69,Walmart,Approved
CUST_0016,2024-01-31 17:00:00,64.07,Restaurant,Approved
CUST_0016,2024-12-07 17:00:00,70.26,Restaurant,Approved
CUST_0016,2024-08-07 12:00:00,63.34,Walmart,Approved
CUST_0016,2024-03-10 15:00:00,34.62,Restaurant,Approved
CUST_0016,2024-07-02 14:00:00,32.16,Gas,Approved
CUST_0016,2024-03-10 06:00:00,62.74,Gas,Approved
CUST_0016,2024-09-04 20:00:00,25.94,Gas,Declined
CUST_0016,2024-06-02 12:00:00,61.71,Restaurant,Approved
CUST_0016,2024-11-09 19:00:00,75.11,Amazon,Approved
CUST_0016,2024-12-10 10:00:00,83.42,Amazon,Approved
CUST_0016,2024-06-09 17:00:00,22.26,Walmart,Approved
CUST_0016,2024-10-15 12:00:00,41.58,Amazon,Approved
CUST_0016,2024-02-12 07:00:00,108.35,Amazon,Approved
CUST_0016,2024-07-16 07:00:00,66.85,Walmart,Approved
CUST_0016,2024-01-05 06:00:00,102.38,Walmart,Approved
CUST_0016,2024-05-04 15:00:00,26.14,Gas,Approved
CUST_0016,2024-10-20 17:00:00,79.12,Restaurant,Approved
CUST_0017,2024-08-01 09:00:00,5.6,Gas,Approved
CUST_0017,2024-08-01 13:00:00,82.54,Restaurant,Approved
CUST_0017,2024-10-10 14:00:00,68.92,Walmart,Approved
CUST_0017,2024-09-04 22:00:00,105.57,Walmart,Declined
CUST_0017,2024-09-18 15:00:00,30.14,Gas,Approved
CUST_0017,2024-11-02 16:00:00,45.32,Gas,Approved
CUST_0017,2024-03-25 14:00:00,88.84,Restaurant,Approved
CUST_0017,2024-08-25 14:00:00,23.61,Restaurant,Approved
CUST_0017,2024-09-19 11:00:00,31.93,Restaurant,Approved
CUST_0017,2024-10-09 08:00:00,128.78,Walmart,Approved
CUST_0017,2024-01-08 06:00:00,85.22,Amazon,Approved
CUST_0017,2024-09-16 21:00:00,30.13,Walmart,Approved
CUST_0017,2024-10-28 14:00:00,53.14,Gas,Approved
CUST_0017,2024-04-18 21:00:00,92.64,Gas,Approved
CUST_0017,2024-04-11 07:00:00,99.52,Walmart,Approved
CUST_0017,2024-12-18 10:00:00,58.17,Restaurant,Approved
CUST_0017,2024-09-21 10:00:00,108.44,Restaurant,Approved
CUST_0017,2024-07-29 11:00:00,97.77,Restaurant,Approved
CUST_0017,2024-07-31 20:00:00,71.31,Restaurant,Approved
CUST_0017,2024-03-16 07:00:00,1.88,Restaurant,Approved
CUST_0017,2024-06-28 06:00:00,15.81,Walmart,Approved
CUST_0017,2024-12-03 14:00:00,90.87,Walmart,Approved
CUST_0017,2024-05-18 22:00:00,36.06,Walmart,Approved
CUST_0017,2024-10-15 20:00:00,168.78,Restaurant,Approved
CUST_0017,2024-06-04 08:00:00,63.51,Gas,Approved
CUST_0018,2024-07-09 06:00:00,105.47,Gas,Approved
CUST_0018,2024-05-21 08:00:00,52.43,Restaurant,Approved
CUST_0018,2024-07-25 12:00:00,183.18,Walmart,Declined
CUST_0018,2024-04-09 07:00:00,36.82,Amazon,Approved
CUST_0018,2024-03-24 08:00:00,79.71,Amazon,Approved
CUST_0018,2024-07-19 19:00:00,81.81,Restaurant,Approved
CUST_0018,2024-05-03 12:00:00,32.85,Gas,Approved
CUST_0018,2024-10-12 03:00:00,126.98,Amazon,Declined
CUST_0018,2024-11-29 19:00:00,33.8,Walmart,Approved
CUST_0018,2024-04-29 07:00:00,62.83,Gas,Approved
CUST_0018,2024-09-24 00:00:00,79.6,Gas,Approved
CUST_0018,2024-07-19 04:00:00,99.85,Amazon,Approved
CUST_0018,2024-03-05 08:00:00,18.59,Restaurant,Approved
CUST_0018,2024-05-26 17:00:00,17.66,Walmart,Declined
CUST_0018,2024-06-05 13:00:00,51.5,Gas,Approved
CUST_0018,2024-07-12 17:00:00,35.06,Restaurant,Approved
CUST_0018,2024-09-18 14:00:00,14.35,Walmart,Approved
CUST_0018,2024-04-02 01:00:00,39.12,Amazon,Approved
CUST_0018,2024-12-05 13:00:00,21.41,Restaurant,Approved
CUST_0018,2024-12-18 02:00:00,135.83,Walmart,Approved
CUST_0018,2024-08-20 01:00:00,134.14,Amazon,Approved
CUST_0018,2024-07-10 12:00:00,63.1,Gas,Declined
CUST_0018,2024-06-16 05:00:00,41.67,Restaurant,Approved
CUST_0018,2024-10-27 18:00:00,100.01,Walmart,Approved
CUST_0018,2024-06-06 02:00:00,116.81,Amazon,Declined
CUST_0019,2024-03-22 06:00:00,238.63,Amazon,Approved
CUST_0019,2024-03-24 20:00:00,67.31,Amazon,Approved
CUST_0019,2024-11-02 14:00:00,212.67,Gas,Approved
CUST_0019,2024-07-28 18:00:00,155.08,Gas,Declined
CUST_0019,2024-06-03 08:00:00,186.83,Amazon,Approved
CUST_0019,2024-12-15 07:00:00,233.58,Restaurant,Approved
CUST_0019,2024-11-16 17:00:00,216.63,Gas,Approved
CUST_0019,2024-12-22 18:00:00,247.01,Amazon,Approved
CUST_0019,2024-04-16 11:00:00,121.06,Walmart,Approved
CUST_0019,2024-03-13 09:00:00,221.69,Amazon,Approved
CUST_0019,2024-07-13 17:00:00,191.54,Restaurant,Approved
CUST_0019,2024-03-03 17:00:00,258.32,Gas,Approved
CUST_0019,2024-06-15 09:00:00,236.5,Walmart,Approved
CUST_0019,2024-02-25 10:00:00,21.29,Amazon,Approved
CUST_0019,2024-05-05 15:00:00,87.68,Gas,Approved
CUST_0019,2024-03-04 22:00:00,132.91,Amazon,Approved
CUST_0019,2024-01-31 17:00:00,272.79,Restaurant,Approved
CUST_0019,2024-11-20 22:00:00,178.74,Walmart,Approved
CUST_0019,2024-06-02 16:00:00,169.79,Gas,Approved
CUST_0019,2024-08-21 19:00:00,129.05,Gas,Approved
CUST_0019,2024-02-06 10:00:00,16.61,Walmart,Approved
CUST_0019,2024-05-13 10:00:00,139.27,Restaurant,Approved
CUST_0019,2024-05-05 18:00:00,170.54,Restaurant,Approved
CUST_0019,2024-10-04 22:00:00,182.55,Restaurant,Approved
CUST_0019,2024-12-07 18:00:00,167.78,Amazon,Approved
CUST_0020,2024-04-18 08:00:00,203.83,Gas,Approved
CUST_0020,2024-05-18 17:00:00,172.65,Gas,Approved
CUST_0020,2024-04-01 09:00:00,57.64,Gas,Approved
CUST_0020,2024-09-29 20:00:00,155.44,Gas,Approved
CUST_0020,2024-05-31 13:00:00,75.83,Walmart,Approved
CUST_0020,2024-05-24 13:00:00,316.21,Amazon,Approved
CUST_0020,2024-03-04 09:00:00,145.64,Gas,Approved
CUST_0020,2024-09-02 18:00:00,191.63,Amazon,Approved
CUST_0020,2024-01-05 16:00:00,209.82,Amazon,Approved
CUST_0020,2024-05-26 17:00:00,139.31,Walmart,Approved
CUST_0020,2024-11-03 21:00:00,337.38,Restaurant,Approved
CUST_0020,2024-08-03 09:00:00,6.39,Gas,Approved
CUST_0020,2024-07-10 20:00:00,163.37,Amazon,Approved
CUST_0020,2024-04-01 19:00:00,285.92,Gas,Approved
CUST_0020,2024-09-16 20:00:00,99.36,Gas,Approved
CUST_0020,2024-10-20 13:00:00,269.18,Gas,Approved
CUST_0020,2024-07-07 10:00:00,152.67,Gas,Approved
CUST_0020,2024-10-24 16:00:00,245.35,Restaurant,Approved
CUST_0020,2024-06-17 21:00:00,237.16,Restaurant,Approved
CUST_0020,2024-09-20 20:00:00,188.05,Walmart,Approved
CUST_0020,2024-01-30 22:00:00,316.81,Gas,Approved
CUST_0020,2024-02-06 10:00:00,159.54,Amazon,Approved
CUST_0020,2024-07-06 13:00:00,139.75,Restaurant,Approved
CUST_0020,2024-04-13 08:00:00,185.41,Gas,Approved
CUST_0020,2024-09-16 14:00:00,182.41,Walmart,Approved
CUST_0021,2024-03-01 18:00:00,43.66,Gas,Declined
CUST_0021,2024-06-10 21:00:00,2.26,Walmart,Declined
CUST_0021,2024-10-16 18:00:00,16.33,Gas,Approved
CUST_0021,2024-08-18 02:00:00,5.14,Amazon,Declined
CUST_0021,2024-11-08 18:00:00,21.97,Amazon,Approved
CUST_0021,2024-03-14 22:00:00,26.75,Walmart,Approved
CUST_0021,2024-02-22 19:00:00,39.43,Restaurant,Approved
CUST_0021,2024-10-16 01:00:00,37.53,Walmart,Approved
CUST_0021,2024-12-14 22:00:00,28.31,Walmart,Declined
CUST_0021,2024-09-20 11:00:00,53.97,Amazon,Approved
CUST_0021,2024-05-16 16:00:00,18.89,Gas,Declined
CUST_0021,2024-05-20 09:00:00,40.11,Gas,Approved
CUST_0021,2024-11-11 01:00:00,42.13,Gas,Approved
CUST_0021,2024-01-13 04:00:00,59.42,Amazon,Approved
CUST_0021,2024-10-30 17:00:00,24.14,Gas,Declined
CUST_0021,2024-09-12 14:00:00,33.54,Walmart,Declined
CUST_0021,2024-11-24 09:00:00,27.78,Walmart,Approved
CUST_0021,2024-08-24 06:00:00,34.33,Walmart,Approved
CUST_0021,2024-05-28 08:00:00,22.46,Restaurant,Approved
CUST_0021,2024-08-14 06:00:00,35.17,Amazon,Approved
CUST_0021,2024-12-02 05:00:00,5.48,Restaurant,Approved
CUST_0021,2024-01-17 08:00:00,49.74,Restaurant,Approved
CUST_0021,2024-12-05 01:00:00,28.07,Gas,Approved
CUST_0021,2024-10-09 03:00:00,40.85,Walmart,Approved
CUST_0021,2024-11-08 06:00:00,19.32,Walmart,Approved
CUST_0022,2024-05-14 21:00:00,134.51,Restaurant,Approved
CUST_0022,2024-02-28 13:00:00,133.35,Restaurant,Approved
CUST_0022,2024-06-05 13:00:00,137.69,Walmart,Approved
CUST_0022,2024-03-30 17:00:00,84.68,Restaurant,Approved
CUST_0022,2024-11-07 14:00:00,270.43,Restaurant,Approved
CUST_0022,2024-03-30 14:00:00,201.99,Restaurant,Approved
CUST_0022,2024-01-26 12:00:00,205.48,Amazon,Approved
CUST_0022,2024-12-25 16:00:00,146.85,Restaurant,Approved
CUST_0022,2024-11-16 20:00:00,209.42,Amazon,Approved
CUST_0022,2024-06-22 20:00:00,113.43,Walmart,Approved
CUST_0022,2024-03-24 22:00:00,148.27,Restaurant,Approved
CUST_0022,2024-03-01 07:00:00,19.08,Walmart,Approved
CUST_0022,2024-10-20 19:00:00,78.58,Walmart,Approved
CUST_0022,2024-08-10 15:00:00,111.65,Walmart,Approved
CUST_0022,2024-04-02 08:00:00,206.95,Restaurant,Approved
CUST_0022,2024-09-28 17:00:00,150.2,Restaurant,Approved
CUST_0022,2024-07-02 08:00:00,145.49,Restaurant,Approved
CUST_0022,2024-03-29 17:00:00,124.62,Walmart,Approved
CUST_0022,2024-06-02 11:00:00,160.98,Walmart,Approved
CUST_0022,2024-10-25 07:00:00,156.38,Amazon,Approved
CUST_0022,2024-09-03 21:00:00,87.06,Restaurant,Approved
CUST_0022,2024-11-16 09:00:00,117.51,Gas,Approved
CUST_0022,2024-03-24 12:00:00,46.43,Restaurant,Approved
CUST_0022,2024-03-14 17:00:00,157.22,Restaurant,Declined
CUST_0022,2024-06-04 10:00:00,148.32,Walmart,Approved
CUST_0023,2024-04-10 21:00:00,169.83,Gas,Approved
CUST_0023,2024-06-21 08:00:00,55.78,Walmart,Approved
CUST_0023,2024-04-26 12:00:00,453.01,Walmart,Approved
CUST_0023,2024-12-24 08:00:00,44.23,Gas,Approved
CUST_0023,2024-06-29 18:00:00,229.38,Gas,Approved
CUST_0023,2024-09-13 09:00:00,46.18,Walmart,Approved
CUST_0023,2024-12-19 06:00:00,98.59,Restaurant,Approved
CUST_0023,2024-03-08 18:00:00,226.35,Amazon,Approved
CUST_0023,2024-04-18 08:00:00,205.39,Restaurant,Approved
CUST_0023,2024-11-22 12:00:00,305.15,Walmart,Approved
CUST_0023,2024-03-24 09:00:00,149.27,Gas,Approved
CUST_0023,2024-02-10 18:00:00,240.83,Restaurant,Approved
CUST_0023,2024-11-19 19:00:00,237.96,Walmart,Approved
CUST_0023,2024-07-13 20:00:00,130.17,Gas,Approved
CUST_0023,2024-01-24 09:00:00,200.85,Restaurant,Approved
CUST_0023,2024-10-16 15:00:00,198.18,Amazon,Approved
CUST_0023,2024-09-10 18:00:00,115.03,Amazon,Approved
CUST_0023,2024-09-05 14:00:00,160.83,Restaurant,Declined
CUST_0023,2024-04-12 15:00:00,109.16,Walmart,Approved
CUST_0023,2024-12-07 08:00:00,167.67,Gas,Approved
CUST_0023,2024-12-08 09:00:00,115.91,Walmart,Approved
CUST_0023,2024-07-24 10:00:00,85.25,Amazon,Approved
CUST_0023,2024-01-22 09:00:00,229.43,Amazon,Approved
CUST_0023,2024-02-28 13:00:00,144.12,Gas,Approved
CUST_0023,2024-01-09 07:00:00,313.4,Amazon,Approved
CUST_0024,2024-06-01 22:00:00,128.54,Gas,Approved
CUST_0024,2024-07-12 09:00:00,196.53,Restaurant,Approved
CUST_0024,2024-06-15 12:00:00,165.88,Amazon,Approved
CUST_0024,2024-11-03 14:00:00,258.22,Amazon,Approved
CUST_0024,2024-07-01 22:00:00,457.18,Restaurant,Approved
CUST_0024,2024-03-18 09:00:00,27.88,Walmart,Declined
CUST_0024,2024-11-10 07:00:00,262.33,Amazon,Approved
CUST_0024,2024-01-13 06:00:00,409.4,Restaurant,Approved
CUST_0024,2024-02-12 08:00:00,540.07,Walmart,Approved
CUST_0024,2024-11-23 07:00:00,354.95,Gas,Approved
CUST_0024,2024-06-27 08:00:00,279.31,Walmart,Approved
CUST_0024,2024-05-19 02:00:00,99.87,Amazon,Approved
CUST_0024,2024-04-27 10:00:00,273.78,Restaurant,Approved
CUST_0024,2024-10-15 05:00:00,142.56,Amazon,Approved
CUST_0024,2024-05-07 12:00:00,470.63,Walmart,Approved
CUST_0024,2024-11-17 04:00:00,434.37,Walmart,Approved
CUST_0024,2024-08-06 14:00:00,231.71,Amazon,Approved
CUST_0024,2024-06-14 03:00:00,38.93,Walmart,Approved
CUST_0024,2024-02-10 05:00:00,92.49,Walmart,Declined
CUST_0024,2024-05-13 01:00:00,97.65,Gas,Approved
CUST_0024,2024-08-20 14:00:00,498.4,Gas,Approved
CUST_0024,2024-03-19 00:00:00,457.24,Gas,Approved
CUST_0024,2024-01-25 05:00:00,71.18,Amazon,Approved
CUST_0024,2024-05-17 22:00:00,232.89,Restaurant,Approved
CUST_0024,2024-05-24 05:00:00,297.45,Walmart,Approved
CUST_0025,2024-04-02 20:00:00,12.21,Gas,Approved
CUST_0025,2024-09-04 14:00:00,19.98,Restaurant,Approved
CUST_0025,2024-06-16 15:00:00,38.35,Gas,Approved
CUST_0025,2024-04-20 22:00:00,35.37,Restaurant,Approved
CUST_0025,2024-12-03 06:00:00,11.04,Walmart,Approved
CUST_0025,2024-12-03 21:00:00,1.32,Walmart,Approved
CUST_0025,2024-12-23 18:00:00,20.06,Amazon,Approved
CUST_0025,2024-07-27 19:00:00,4.38,Amazon,Approved
CUST_0025,2024-10-10 12:00:00,27.92,Amazon,Approved
CUST_0025,2024-02-25 10:00:00,15.2,Gas,Approved
CUST_0025,2024-08-17 16:00:00,44.51,Walmart,Approved
CUST_0025,2024-09-08 13:00:00,13.43,Gas,Approved
CUST_0025,2024-07-23 16:00:00,15.59,Restaurant,Approved
CUST_0025,2024-11-05 12:00:00,30.74,Restaurant,Approved
CUST_0025,2024-12-06 06:00:00,16.2,Restaurant,Approved
CUST_0025,2024-12-13 10:00:00,37.01,Amazon,Approved
CUST_0025,2024-10-17 20:00:00,30.7,Restaurant,Approved
CUST_0025,2024-05-19 10:00:00,31.79,Restaurant,Declined
CUST_0025,2024-02-01 18:00:00,41.59,Gas,Approved
CUST_0025,2024-06-25 10:00:00,0.15,Walmart,Approved
CUST_0025,2024-05-16 22:00:00,11.82,Walmart,Approved
CUST_0025,2024-05-29 18:00:00,13.25,Amazon,Approved
CUST_0025,2024-11-08 22:00:00,25.99,Gas,Approved
CUST_0025,2024-06-13 14:00:00,30.6,Gas,Approved
CUST_0025,2024-02-14 20:00:00,27.47,Amazon,Approved
CUST_0026,2024-04-17 07:00:00,82.89,Walmart,Approved
CUST_0026,2024-05-01 22:00:00,182.0,Walmart,Approved
CUST_0026,2024-06-10 20:00:00,12.38,Amazon,Approved
CUST_0026,2024-09-02 12:00:00,102.0,Gas,Approved
CUST_0026,2024-05-31 20:00:00,75.09,Restaurant,Approved
CUST_0026,2024-01-19 06:00:00,150.32,Gas,Approved
CUST_0026,2024-12-19 15:00:00,170.36,Gas,Approved
CUST_0026,2024-02-17 21:00:00,324.74,Amazon,Approved
CUST_0026,2024-10-08 12:00:00,259.44,Amazon,Approved
CUST_0026,2024-11-09 22:00:00,117.07,Amazon,Approved
CUST_0026,2024-08-28 12:00:00,54.85,Walmart,Approved
CUST_0026,2024-05-23 16:00:00,354.21,Amazon,Approved
CUST_0026,2024-11-16 14:00:00,68.07,Amazon,Approved
CUST_0026,2024-08-20 17:00:00,181.02,Gas,Approved
CUST_0026,2024-05-26 19:00:00,179.25,Walmart,Approved
CUST_0026,2024-01-30 16:00:00,121.5,Amazon,Approved
CUST_0026,2024-02-17 13:00:00,40.61,Walmart,Declined
CUST_0026,2024-04-25 09:00:00,218.35,Amazon,Approved
CUST_0026,2024-11-17 22:00:00,18.93,Amazon,Approved
CUST_0026,2024-12-04 15:00:00,130.72,Gas,Approved
CUST_0026,2024-02-28 19:00:00,256.51,Gas,Approved
CUST_0026,2024-04-16 16:00:00,106.96,Restaurant,Approved
CUST_0026,2024-09-12 16:00:00,15.76,Amazon,Approved
CUST_0026,2024-07-25 07:00:00,264.17,Restaurant,Approved
CUST_0026,2024-09-06 09:00:00,46.85,Walmart,Approved
CUST_0027,2024-01-29 02:00:00,282.38,Gas,Approved
CUST_0027,2024-08-02 14:00:00,159.2,Gas,Approved
CUST_0027,2024-11-27 10:00:00,545.32,Walmart,Approved
CUST_0027,2024-08-24 02:00:00,277.11,Gas,Approved
CUST_0027,2024-05-25 02:00:00,316.19,Walmart,Approved
CUST_0027,2024-08-09 11:00:00,389.56,Amazon,Approved
CUST_0027,2024-03-14 03:00:00,52.11,Gas,Approved
CUST_0027,2024-11-21 20:00:00,147.89,Restaurant,Approved
CUST_0027,2024-04-05 05:00:00,191.23,Gas,Declined
CUST_0027,2024-02-25 19:00:00,203.94,Walmart,Approved
CUST_0027,2024-09-20 13:00:00,248.6,Gas,Declined
CUST_0027,2024-10-13 03:00:00,377.47,Gas,Approved
CUST_0027,2024-09-25 08:00:00,380.08,Amazon,Approved
CUST_0027,2024-10-30 16:00:00,361.42,Amazon,Approved
CUST_0027,2024-01-03 20:00:00,346.36,Restaurant,Declined
CUST_0027,2024-01-29 15:00:00,300.27,Gas,Declined
CUST_0027,2024-04-19 21:00:00,164.05,Walmart,Approved
CUST_0027,2024-05-28 10:00:00,258.05,Restaurant,Approved
CUST_0027,2024-07-07 11:00:00,300.86,Walmart,Declined
CUST_0027,2024-02-28 04:00:00,166.22,Gas,Declined
CUST_0027,2024-08-29 03:00:00,497.51,Gas,Declined
CUST_0027,2024-02-28 03:00:00,223.24,Gas,Approved
CUST_0027,2024-04-03 11:00:00,0.83,Amazon,Approved
CUST_0027,2024-01-26 10:00:00,2.96,Gas,Approved
CUST_0027,2024-05-07 01:00:00,12.12,Restaurant,Declined
CUST_0028,2024-08-22 21:00:00,277.94,Gas,Approved
CUST_0028,2024-08-02 21:00:00,218.02,Restaurant,Approved
CUST_0028,2024-07-30 14:00:00,178.71,Amazon,Approved
CUST_0028,2024-08-09 13:00:00,201.18,Walmart,Approved
CUST_0028,2024-09-24 12:00:00,251.82,Amazon,Approved
CUST_0028,2024-03-11 19:00:00,243.75,Restaurant,Approved
CUST_0028,2024-02-19 07:00:00,206.73,Walmart,Approved
CUST_0028,2024-10-22 10:00:00,288.58,Restaurant,Approved
CUST_0028,2024-12-25 13:00:00,47.98,Gas,Declined
CUST_0028,2024-02-18 15:00:00,71.14,Restaurant,Approved
CUST_0028,2024-04-10 18:00:00,85.53,Walmart,Approved
CUST_0028,2024-10-04 11:00:00,144.7,Walmart,Approved
CUST_0028,2024-04-05 16:00:00,208.22,Walmart,Approved
CUST_0028,2024-12-20 13:00:00,199.68,Restaurant,Approved
CUST_0028,2024-12-08 21:00:00,83.66,Amazon,Approved
CUST_0028,2024-04-15 15:00:00,206.53,Amazon,Approved
CUST_0028,2024-03-29 07:00:00,175.21,Restaurant,Approved
CUST_0028,2024-09-27 22:00:00,198.05,Gas,Approved
CUST_0028,2024-02-01 12:00:00,180.45,Amazon,Approved
CUST_0028,2024-02-07 14:00:00,48.53,Gas,Approved
CUST_0028,2024-02-17 12:00:00,356.0,Walmart,Approved
CUST_0028,2024-12-02 13:00:00,211.92,Amazon,Approved
CUST_0028,2024-03-17 10:00:00,115.29,Amazon,Approved
CUST_0028,2024-03-12 09:00:00,276.58,Amazon,Approved
CUST_0028,2024-07-09 18:00:00,181.99,Walmart,Approved
CUST_0029,2024-08-13 08:00:00,194.06,Restaurant,Approved
CUST_0029,2024-03-12 11:00:00,154.75,Walmart,Approved
CUST_0029,2024-09-12 08:00:00,143.42,Gas,Approved
CUST_0029,2024-10-13 17:00:00,87.27,Amazon,Approved
CUST_0029,2024-07-31 14:00:00,127.67,Walmart,Approved
CUST_0029,2024-01-13 12:00:00,215.91,Amazon,Approved
CUST_0029,2024-09-29 18:00:00,199.59,Restaurant,Approved
CUST_0029,2024-04-18 13:00:00,206.46,Gas,Approved
CUST_0029,2024-08-16 20:00:00,92.44,Amazon,Approved
CUST_0029,2024-09-02 21:00:00,115.8,Walmart,Approved
CUST_0029,2024-08-08 18:00:00,337.9,Walmart,Approved
CUST_0029,2024-04-03 18:00:00,184.23,Amazon,Approved
CUST_0029,2024-07-20 20:00:00,185.27,Restaurant,Approved
CUST_0029,2024-05-16 06:00:00,138.43,Walmart,Approved
CUST_0029,2024-08-24 20:00:00,106.27,Walmart,Approved
CUST_0029,2024-07-08 13:00:00,234.11,Restaurant,Approved
CUST_0029,2024-12-16 16:00:00,280.0,Amazon,Approved
CUST_0029,2024-08-08 06:00:00,131.5,Amazon,Approved
CUST_0029,2024-04-11 11:00:00,238.42,Amazon,Approved
CUST_0029,2024-11-05 18:00:00,183.74,Restaurant,Approved
CUST_0029,2024-05-28 16:00:00,111.36,Gas,Approved
CUST_0029,2024-12-04 07:00:00,238.6,Gas,Approved
CUST_0029,2024-02-07 11:00:00,234.26,Gas,Approved
CUST_0029,2024-03-08 10:00:00,46.75,Walmart,Approved
CUST_0029,2024-10-14 18:00:00,90.17,Amazon,Declined
CUST_0030,2024-08-25 19:00:00,107.5,Restaurant,Approved
CUST_0030,2024-07-26 21:00:00,132.82,Walmart,Approved
CUST_0030,2024-05-21 03:00:00,215.22,Amazon,Approved
CUST_0030,2024-12-25 15:00:00,133.45,Walmart,Approved
CUST_0030,2024-09-27 02:00:00,55.83,Gas,Declined
CUST_0030,2024-05-19 07:00:00,216.51,Gas,Approved
CUST_0030,2024-03-29 21:00:00,61.2,Walmart,Approved
CUST_0030,2024-10-20 22:00:00,123.9,Amazon,Approved
CUST_0030,2024-10-03 19:00:00,86.0,Restaurant,Approved
CUST_0030,2024-05-28 03:00:00,289.46,Restaurant,Approved
CUST_0030,2024-08-29 13:00:00,131.96,Walmart,Approved
CUST_0030,2024-08-24 04:00:00,119.16,Walmart,Declined
CUST_0030,2024-12-25 14:00:00,151.56,Restaurant,Approved
CUST_0030,2024-08-07 02:00:00,183.49,Walmart,Approved
CUST_0030,2024-06-10 12:00:00,288.25,Gas,Approved
CUST_0030,2024-11-30 01:00:00,72.27,Amazon,Approved
CUST_0030,2024-06-23 08:00:00,96.13,Amazon,Approved
CUST_0030,2024-06-11 22:00:00,42.53,Walmart,Approved
CUST_0030,2024-10-09 13:00:00,77.62,Amazon,Approved
CUST_0030,2024-08-04 11:00:00,18.19,Walmart,Declined
CUST_0030,2024-02-28 10:00:00,65.08,Restaurant,Approved
CUST_0030,2024-01-19 03:00:00,64.61,Gas,Declined
CUST_0030,2024-04-09 17:00:00,433.74,Gas,Approved
CUST_0030,2024-12-20 22:00:00,400.17,Restaurant,Approved
CUST_0030,2024-08-26 11:00:00,198.89,Walmart,Approved
CUST_0031,2024-10-10 09:00:00,61.09,Restaurant,Approved
CUST_0031,2024-09-15 18:00:00,43.95,Walmart,Approved
CUST_0031,2024-12-29 07:00:00,29.6,Gas,Approved
CUST_0031,2024-11-08 12:00:00,23.33,Restaurant,Approved
CUST_0031,2024-02-29 10:00:00,91.32,Walmart,Approved
CUST_0031,2024-05-30 16:00:00,37.92,Amazon,Approved
CUST_0031,2024-05-25 11:00:00,42.26,Gas,Approved
CUST_0031,2024-08-16 13:00:00,45.71,Walmart,Approved
CUST_0031,2024-10-25 08:00:00,4.8,Amazon,Approved
CUST_0031,2024-12-02 09:00:00,72.75,Amazon,Approved
CUST_0031,2024-07-11 11:00:00,64.62,Restaurant,Approved
CUST_0031,2024-09-07 21:00:00,43.08,Walmart,Approved
CUST_0031,2024-04-22 19:00:00,54.66,Gas,Approved
CUST_0031,2024-07-20 14:00:00,43.85,Gas,Approved
CUST_0031,2024-01-25 07:00:00,47.54,Walmart,Approved
CUST_0031,2024-11-09 19:00:00,77.74,Walmart,Approved
CUST_0031,2024-01-11 07:00:00,80.36,Amazon,Approved
CUST_0031,2024-07-27 18:00:00,96.36,Restaurant,Approved
CUST_0031,2024-11-26 15:00:00,27.07,Restaurant,Approved
CUST_0031,2024-07-05 22:00:00,27.32,Walmart,Declined
CUST_0031,2024-11-28 15:00:00,23.75,Restaurant,Approved
CUST_0031,2024-11-10 12:00:00,31.31,Gas,Declined
CUST_0031,2024-03-03 12:00:00,25.85,Restaurant,Approved
CUST_0031,2024-02-12 17:00:00,77.35,Amazon,Approved
CUST_0031,2024-11-20 09:00:00,34.27,Walmart,Approved
CUST_0032,2024-05-30 20:00:00,17.33,Restaurant,Approved
CUST_0032,2024-08-15 10:00:00,59.71,Gas,Approved
CUST_0032,2024-04-15 19:00:00,13.9,Amazon,Approved
CUST_0032,2024-08-11 11:00:00,48.47,Restaurant,Approved
CUST_0032,2024-01-30 10:00:00,50.44,Amazon,Approved
CUST_0032,2024-08-08 16:00:00,57.22,Restaurant,Approved
CUST_0032,2024-08-18 20:00:00,26.41,Gas,Approved
CUST_0032,2024-05-27 20:00:00,9.91,Amazon,Approved
CUST_0032,2024-01-05 09:00:00,27.85,Restaurant,Approved
CUST_0032,2024-10-16 09:00:00,45.86,Amazon,Approved
CUST_0032,2024-04-04 15:00:00,75.84,Gas,Approved
CUST_0032,2024-05-17 07:00:00,60.22,Walmart,Approved
CUST_0032,2024-09-29 07:00:00,24.11,Restaurant,Approved
CUST_0032,2024-12-06 16:00:00,30.25,Restaurant,Approved
CUST_0032,2024-11-01 12:00:00,45.29,Restaurant,Declined
CUST_0032,2024-09-16 07:00:00,49.49,Restaurant,Approved
CUST_0032,2024-06-19 16:00:00,23.71,Gas,Approved
CUST_0032,2024-06-30 15:00:00,28.75,Walmart,Approved
CUST_0032,2024-11-11 22:00:00,53.79,Walmart,Approved
CUST_0032,2024-10-22 15:00:00,6.38,Amazon,Approved
CUST_0032,2024-02-11 18:00:00,27.42,Gas,Approved
CUST_0032,2024-12-01 16:00:00,57.1,Walmart,Approved
CUST_0032,2024-03-13 07:00:00,43.21,Restaurant,Approved
CUST_0032,2024-02-08 07:00:00,38.63,Restaurant,Approved
CUST_0032,2024-05-03 07:00:00,31.52,Restaurant,Approved
CUST_0033,2024-05-04 20:00:00,150.67,Gas,Approved
CUST_0033,2024-08-03 15:00:00,23.96,Walmart,Approved
CUST_0033,2024-07-24 11:00:00,44.37,Gas,Approved
CUST_0033,2024-06-12 09:00:00,91.94,Restaurant,Approved
CUST_0033,2024-08-30 03:00:00,24.31,Walmart,Approved
CUST_0033,2024-03-27 19:00:00,67.41,Walmart,Approved
CUST_0033,2024-12-18 05:00:00,48.18,Amazon,Declined
CUST_0033,2024-07-08 22:00:00,47.91,Gas,Declined
CUST_0033,2024-03-29 07:00:00,92.22,Restaurant,Approved
CUST_0033,2024-02-23 02:00:00,36.79,Restaurant,Approved
CUST_0033,2024-04-20 19:00:00,18.54,Amazon,Approved
CUST_0033,2024-06-09 11:00:00,51.57,Gas,Approved
CUST_0033,2024-10-01 03:00:00,49.67,Walmart,Approved
CUST_0033,2024-02-21 03:00:00,52.67,Gas,Approved
CUST_0033,2024-01-26 13:00:00,62.21,Gas,Declined
CUST_0033,2024-09-24 02:00:00,83.3,Gas,Approved
CUST_0033,2024-08-17 02:00:00,16.9,Amazon,Approved
CUST_0033,2024-02-21 06:00:00,82.49,Walmart,Approved
CUST_0033,2024-04-27 00:00:00,77.89,Walmart,Approved
CUST_0033,2024-05-01 09:00:00,70.49,Gas,Approved
CUST_0033,2024-02-23 16:00:00,122.13,Amazon,Approved
CUST_0033,2024-09-29 02:00:00,2.77,Gas,Approved
CUST_0033,2024-12-23 20:00:00,1.84,Walmart,Approved
CUST_0033,2024-01-07 11:00:00,48.02,Walmart,Approved
CUST_0033,2024-11-03 12:00:00,33.76,Amazon,Declined
CUST_0034,2024-05-11 07:00:00,35.16,Gas,Approved
CUST_0034,2024-07-07 12:00:00,21.59,Gas,Approved
CUST_0034,2024-10-18 13:00:00,57.59,Walmart,Approved
CUST_0034,2024-06-04 19:00:00,85.42,Restaurant,Approved
CUST_0034,2024-09-07 21:00:00,49.98,Gas,Approved
CUST_0034,2024-02-08 12:00:00,72.25,Amazon,Approved
CUST_0034,2024-10-04 09:00:00,9.79,Gas,Approved
CUST_0034,2024-12-11 12:00:00,13.02,Gas,Approved
CUST_0034,2024-02-13 18:00:00,21.18,Restaurant,Approved
CUST_0034,2024-02-02 10:00:00,39.78,Walmart,Declined
CUST_0034,2024-12-15 10:00:00,72.96,Gas,Approved
CUST_0034,2024-06-09 17:00:00,60.83,Gas,Approved
CUST_0034,2024-06-20 20:00:00,35.21,Walmart,Approved
CUST_0034,2024-07-04 17:00:00,38.11,Amazon,Approved
CUST_0034,2024-01-11 17:00:00,37.16,Restaurant,Approved
CUST_0034,2024-01-22 07:00:00,29.11,Walmart,Approved
CUST_0034,2024-01-25 17:00:00,25.33,Gas,Approved
CUST_0034,2024-06-15 21:00:00,10.24,Restaurant,Approved
CUST_0034,2024-05-29 22:00:00,80.23,Restaurant,Approved
CUST_0034,2024-09-27 15:00:00,53.52,Gas,Approved
CUST_0034,2024-09-22 20:00:00,54.89,Restaurant,Approved
CUST_0034,2024-03-17 17:00:00,54.71,Amazon,Approved
CUST_0034,2024-05-01 08:00:00,11.81,Restaurant,Approved
CUST_0034,2024-12-08 08:00:00,37.87,Restaurant,Approved
CUST_0034,2024-01-09 18:00:00,42.57,Restaurant,Approved
CUST_0035,2024-01-01 22:00:00,86.67,Walmart,Approved
CUST_0035,2024-07-18 16:00:00,83.88,Restaurant,Approved
CUST_0035,2024-11-29 22:00:00,90.16,Amazon,Approved
CUST_0035,2024-06-19 09:00:00,63.83,Walmart,Approved
CUST_0035,2024-10-10 18:00:00,77.06,Walmart,Approved
CUST_0035,2024-08-07 20:00:00,70.81,Amazon,Approved
CUST_0035,2024-09-25 12:00:00,84.04,Amazon,Approved
CUST_0035,2024-10-27 20:00:00,68.35,Walmart,Approved
CUST_0035,2024-09-05 18:00:00,103.52,Gas,Approved
CUST_0035,2024-11-04 16:00:00,44.35,Walmart,Approved
CUST_0035,2024-07-11 17:00:00,67.96,Gas,Approved
CUST_0035,2024-05-30 16:00:00,68.16,Restaurant,Approved
CUST_0035,2024-06-28 06:00:00,46.61,Amazon,Approved
CUST_0035,2024-04-08 22:00:00,102.28,Walmart,Approved
CUST_0035,2024-12-08 11:00:00,48.16,Restaurant,Approved
CUST_0035,2024-06-21 21:00:00,135.5,Walmart,Approved
CUST_0035,2024-05-30 14:00:00,8.97,Gas,Approved
CUST_0035,2024-12-17 16:00:00,129.04,Walmart,Approved
CUST_0035,2024-11-08 20:00:00,60.55,Gas,Approved
CUST_0035,2024-03-28 18:00:00,83.73,Gas,Approved
CUST_0035,2024-12-05 12:00:00,48.62,Gas,Approved
CUST_0035,2024-09-01 11:00:00,90.25,Amazon,Approved
CUST_0035,2024-03-17 13:00:00,23.29,Amazon,Approved
CUST_0035,2024-04-01 10:00:00,54.03,Amazon,Approved
CUST_0035,2024-09-05 14:00:00,35.61,Amazon,Approved
CUST_0036,2024-12-20 02:00:00,104.74,Amazon,Approved
CUST_0036,2024-05-05 00:00:00,225.32,Gas,Approved
CUST_0036,2024-07-29 21:00:00,130.79,Amazon,Approved
CUST_0036,2024-02-03 03:00:00,239.92,Amazon,Approved
CUST_0036,2024-12-26 11:00:00,222.56,Restaurant,Declined
CUST_0036,2024-06-16 14:00:00,323.29,Amazon,Approved
CUST_0036,2024-03-09 02:00:00,87.22,Gas,Approved
CUST_0036,2024-04-04 04:00:00,426.59,Amazon,Approved
CUST_0036,2024-04-26 21:00:00,354.89,Gas,Declined
CUST_0036,2024-03-13 18:00:00,207.77,Restaurant,Approved
CUST_0036,2024-05-30 12:00:00,157.76,Amazon,Approved
CUST_0036,2024-01-13 04:00:00,377.04,Walmart,Approved
CUST_0036,2024-04-08 15:00:00,134.77,Walmart,Approved
CUST_0036,2024-12-26 20:00:00,149.75,Restaurant,Approved
CUST_0036,2024-12-23 17:00:00,126.7,Restaurant,Approved
CUST_0036,2024-08-07 02:00:00,22.22,Restaurant,Approved
CUST_0036,2024-01-07 15:00:00,109.93,Gas,Approved
CUST_0036,2024-12-02 11:00:00,184.72,Walmart,Approved
CUST_0036,2024-03-18 02:00:00,322.23,Gas,Approved
CUST_0036,2024-08-01 13:00:00,212.7,Gas,Approved
CUST_0036,2024-11-07 18:00:00,303.74,Walmart,Approved
CUST_0036,2024-08-17 13:00:00,146.4,Gas,Approved
CUST_0036,2024-06-26 14:00:00,133.6,Gas,Approved
CUST_0036,2024-01-03 08:00:00,223.86,Restaurant,Approved
CUST_0036,2024-09-09 08:00:00,550.72,Amazon,Approved
CUST_0037,2024-03-19 19:00:00,100.76,Walmart,Approved
CUST_0037,2024-09-03 20:00:00,111.29,Restaurant,Approved
CUST_0037,2024-12-17 18:00:00,126.44,Amazon,Approved
CUST_0037,2024-02-03 22:00:00,147.23,Walmart,Approved
CUST_0037,2024-07-10 07:00:00,93.39,Amazon,Approved
CUST_0037,2024-12-12 11:00:00,13.9,Walmart,Approved
CUST_0037,2024-11-01 08:00:00,26.42,Walmart,Approved
CUST_0037,2024-12-01 22:00:00,25.73,Walmart,Approved
CUST_0037,2024-11-20 22:00:00,137.38,Amazon,Approved
CUST_0037,2024-06-13 21:00:00,119.3,Restaurant,Approved
CUST_0037,2024-04-09 07:00:00,133.6,Walmart,Declined
CUST_0037,2024-09-07 07:00:00,82.5,Walmart,Approved
CUST_0037,2024-05-11 06:00:00,101.27,Restaurant,Approved
CUST_0037,2024-06-09 16:00:00,112.23,Restaurant,Approved
CUST_0037,2024-10-16 11:00:00,118.22,Gas,Approved
CUST_0037,2024-04-22 15:00:00,50.33,Amazon,Approved
CUST_0037,2024-10-21 22:00:00,81.34,Amazon,Approved
CUST_0037,2024-05-25 15:00:00,50.31,Gas,Approved
CUST_0037,2024-11-18 07:00:00,81.29,Gas,Approved
CUST_0037,2024-03-10 15:00:00,86.82,Walmart,Approved
CUST_0037,2024-12-28 22:00:00,99.7,Amazon,Approved
CUST_0037,2024-11-27 19:00:00,95.83,Walmart,Approved
CUST_0037,2024-06-30 11:00:00,113.7,Amazon,Approved
CUST_0037,2024-03-23 22:00:00,61.74,Walmart,Approved
CUST_0037,2024-01-22 08:00:00,9.77,Gas,Approved
CUST_0038,2024-01-31 14:00:00,226.09,Walmart,Approved
CUST_0038,2024-07-25 22:00:00,169.2,Walmart,Approved
CUST_0038,2024-02-26 08:00:00,153.07,Restaurant,Approved
CUST_0038,2024-03-01 21:00:00,339.36,Walmart,Approved
CUST_0038,2024-03-05 13:00:00,167.52,Restaurant,Approved
CUST_0038,2024-07-24 20:00:00,124.48,Walmart,Approved
CUST_0038,2024-05-26 21:00:00,101.46,Walmart,Approved
CUST_0038,2024-05-29 10:00:00,136.08,Restaurant,Approved
CUST_0038,2024-08-26 14:00:00,100.81,Amazon,Approved
CUST_0038,2024-10-05 11:00:00,303.17,Gas,Approved
CUST_0038,2024-02-13 18:00:00,142.56,Gas,Approved
CUST_0038,2024-08-06 18:00:00,147.93,Amazon,Approved
CUST_0038,2024-02-24 10:00:00,171.64,Walmart,Approved
CUST_0038,2024-12-08 08:00:00,303.23,Amazon,Approved
CUST_0038,2024-06-17 07:00:00,131.22,Gas,Approved
CUST_0038,2024-01-01 16:00:00,248.76,Amazon,Approved
CUST_0038,2024-01-06 19:00:00,232.56,Gas,Approved
CUST_0038,2024-07-27 09:00:00,287.18,Amazon,Approved
CUST_0038,2024-06-18 15:00:00,221.19,Gas,Approved
CUST_0038,2024-03-02 14:00:00,291.2,Gas,Approved
CUST_0038,2024-07-05 22:00:00,336.08,Walmart,Approved
CUST_0038,2024-03-29 12:00:00,27.27,Gas,Approved
CUST_0038,2024-01-25 06:00:00,135.51,Amazon,Approved
CUST_0038,2024-04-29 14:00:00,118.75,Amazon,Approved
CUST_0038,2024-11-08 22:00:00,161.25,Walmart,Approved
CUST_0039,2024-07-21 05:00:00,126.26,Amazon,Approved
CUST_0039,2024-07-30 15:00:00,85.33,Amazon,Approved
CUST_0039,2024-02-16 09:00:00,59.56,Gas,Approved
CUST_0039,2024-01-19 03:00:00,64.67,Walmart,Approved
CUST_0039,2024-10-24 22:00:00,86.08,Gas,Approved
CUST_0039,2024-05-10 06:00:00,172.59,Gas,Approved
CUST_0039,2024-10-28 09:00:00,226.93,Restaurant,Approved
CUST_0039,2024-05-23 01:00:00,191.49,Walmart,Declined
CUST_0039,2024-06-02 21:00:00,63.4,Walmart,Approved
CUST_0039,2024-03-03 06:00:00,280.82,Gas,Approved
CUST_0039,2024-03-18 17:00:00,106.12,Restaurant,Approved
CUST_0039,2024-03-06 03:00:00,177.34,Walmart,Approved
CUST_0039,2024-11-17 19:00:00,179.6,Restaurant,Approved
CUST_0039,2024-08-25 21:00:00,221.18,Walmart,Approved
CUST_0039,2024-09-18 13:00:00,20.34,Restaurant,Approved
CUST_0039,2024-05-22 02:00:00,164.19,Restaurant,Approved
CUST_0039,2024-01-17 14:00:00,195.56,Walmart,Approved
CUST_0039,2024-02-04 16:00:00,70.39,Gas,Approved
CUST_0039,2024-08-10 14:00:00,83.3,Gas,Declined
CUST_0039,2024-04-15 12:00:00,154.99,Amazon,Approved
CUST_0039,2024-05-04 01:00:00,170.94,Gas,Approved
CUST_0039,2024-05-18 17:00:00,117.51,Restaurant,Approved
CUST_0039,2024-09-09 13:00:00,45.92,Walmart,Approved
CUST_0039,2024-08-03 17:00:00,170.61,Gas,Approved
CUST_0039,2024-05-24 17:00:00,4.78,Gas,Approved
CUST_0040,2024-09-04 15:00:00,155.5,Walmart,Approved
CUST_0040,2024-08-07 06:00:00,48.54,Amazon,Approved
CUST_0040,2024-10-09 17:00:00,198.75,Walmart,Approved
CUST_0040,2024-11-26 15:00:00,274.09,Gas,Approved
CUST_0040,2024-08-19 07:00:00,155.53,Walmart,Approved
CUST_0040,2024-07-31 12:00:00,266.4,Walmart,Approved
CUST_0040,2024-08-13 20:00:00,92.86,Restaurant,Approved
CUST_0040,2024-03-12 19:00:00,319.67,Amazon,Approved
CUST_0040,2024-12-08 17:00:00,44.18,Restaurant,Approved
CUST_0040,2024-11-19 18:00:00,207.52,Walmart,Approved
CUST_0040,2024-10-05 10:00:00,364.03,Gas,Approved
CUST_0040,2024-01-18 07:00:00,79.45,Amazon,Approved
CUST_0040,2024-06-30 21:00:00,64.79,Amazon,Approved
CUST_0040,2024-09-06 13:00:00,71.78,Gas,Approved
CUST_0040,2024-04-17 17:00:00,100.08,Restaurant,Approved
CUST_0040,2024-10-08 17:00:00,240.03,Walmart,Approved
CUST_0040,2024-09-10 17:00:00,161.21,Restaurant,Approved
CUST_0040,2024-11-25 18:00:00,117.88,Restaurant,Approved
CUST_0040,2024-06-26 18:00:00,184.86,Gas,Approved
CUST_0040,2024-12-06 20:00:00,211.86,Walmart,Approved
CUST_0040,2024-04-17 06:00:00,239.74,Walmart,Approved
CUST_0040,2024-05-30 22:00:00,29.04,Gas,Approved
CUST_0040,2024-09-11 21:00:00,128.35,Restaurant,Approved
CUST_0040,2024-03-30 15:00:00,183.86,Amazon,Approved
CUST_0040,2024-01-09 21:00:00,186.84,Restaurant,Approved
